firm_id,firm_name,year,month,date,total_assets,total_liabilities,D,sales,op_profit,mu,sigma,S,default
1,F-Power,2016,10,2016/10/1,39050,28712,0.735,,, , ,0,0
1,F-Power,2016,11,2016/11/1,39676,28904,0.728,,, , ,0,0
1,F-Power,2016,12,2016/12/1,40303,29096,0.722,,, , ,0,0
1,F-Power,2017,1,2017/1/1,40929,29288,0.716,,, , ,0,0
1,F-Power,2017,2,2017/2/1,41556,29480,0.709,,, , ,0,0
1,F-Power,2017,3,2017/3/1,42182,29672,0.703,,, , ,0,0
1,F-Power,2017,4,2017/4/1,42809,29864,0.697,,, , ,0,0
1,F-Power,2017,5,2017/5/1,43435,30056,0.692,,, , ,0,0
1,F-Power,2017,6,2017/6/1,44062,30248,0.686,,, , ,0,0
1,F-Power,2017,7,2017/7/1,44688,30440,0.681,,, , ,0,0
1,F-Power,2017,8,2017/8/1,45315,30632,0.676,,, , ,0,0
1,F-Power,2017,9,2017/9/1,45941,30826,0.671,,, , ,0,0
1,F-Power,2017,10,2017/10/1,46570,31021,0.666,,, , ,0,0
1,F-Power,2017,11,2017/11/1,47478,32343,0.681,,, , ,0,0
1,F-Power,2017,12,2017/12/1,48386,33665,0.696,,, , ,0,0
1,F-Power,2018,1,2018/1/1,49294,34987,0.71,,, , ,0,0
1,F-Power,2018,2,2018/2/1,50202,36309,0.723,,, , ,0,0
1,F-Power,2018,3,2018/3/1,51110,37631,0.736,,, , ,0,0
1,F-Power,2018,4,2018/4/1,52018,38953,0.749,,, , ,0,0
1,F-Power,2018,5,2018/5/1,52926,40275,0.761,,, , ,0,0
1,F-Power,2018,6,2018/6/1,53834,41597,0.773,,, , ,0,0
1,F-Power,2018,7,2018/7/1,54742,42919,0.784,,, , ,0,0
1,F-Power,2018,8,2018/8/1,55650,44241,0.795,,, , ,0,0
1,F-Power,2018,9,2018/9/1,56654,49187,0.868,,, , ,0,0
1,F-Power,2018,10,2018/10/1,54783,47224,0.862,,, , ,0,0
1,F-Power,2018,11,2018/11/1,52912,45261,0.856,,, , ,0,0
1,F-Power,2018,12,2018/12/1,51041,43298,0.848,,, , ,0,0
1,F-Power,2019,1,2019/1/1,49170,41335,0.841,,, , ,0,0
1,F-Power,2019,2,2019/2/1,47299,39372,0.833,,, , ,0,0
1,F-Power,2019,3,2019/3/1,45428,37409,0.824,,, , ,0,0
1,F-Power,2019,4,2019/4/1,43557,35446,0.814,,, , ,0,0
1,F-Power,2019,5,2019/5/1,41686,33483,0.803,,, , ,0,0
1,F-Power,2019,6,2019/6/1,39815,31520,0.792,,, , ,0,0
1,F-Power,2019,7,2019/7/1,37944,29557,0.779,,, , ,0,0
1,F-Power,2019,8,2019/8/1,36073,27594,0.765,,, , ,0,0
1,F-Power,2019,9,2019/9/1,34202,25631,0.749,,, , ,0,0
1,F-Power,2019,10,2019/10/1,24741,32736,1.323,,, , ,0,0
1,F-Power,2019,11,2019/11/1,24583,31852,1.296,,, , ,0,0
1,F-Power,2019,12,2019/12/1,24425,30968,1.268,,, , ,0,0
1,F-Power,2020,1,2020/1/1,24267,30084,1.24,,, , ,0,0
1,F-Power,2020,2,2020/2/1,24109,29200,1.211,,, , ,0,0
1,F-Power,2020,3,2020/3/1,23951,28316,1.182,,, , ,0,0
1,F-Power,2020,4,2020/4/1,23793,27432,1.153,,, , ,0,0
1,F-Power,2020,5,2020/5/1,23635,26548,1.123,,, , ,0,0
1,F-Power,2020,6,2020/6/1,23477,25664,1.093,,, , ,0,0
1,F-Power,2020,7,2020/7/1,23319,24780,1.063,,, , ,0,0
1,F-Power,2020,8,2020/8/1,23161,23896,1.032,,, , ,0,0
1,F-Power,2020,9,2020/9/1,23003,23012,1,,, , ,0,0
1,F-Power,2020,10,2020/10/1,22845,22128,0.969,,, , ,0,0
1,F-Power,2020,11,2020/11/1,22687,21244,0.937,,, , ,0,0
1,F-Power,2020,12,2020/12/1,22529,20360,0.904,,, , ,0,0
1,F-Power,2021,1,2021/1/1,24646,24299,0.986,,, , ,0,1
2,ウエスト電力,2016,8,2016/8/1,1590,1658,1.043,,, , ,0,0
2,ウエスト電力,2016,9,2016/9/1,1756,1820,1.036,,, , ,0,0
2,ウエスト電力,2016,10,2016/10/1,1922,1982,1.031,,, , ,0,0
2,ウエスト電力,2016,11,2016/11/1,2088,2144,1.027,,, , ,0,0
2,ウエスト電力,2016,12,2016/12/1,2254,2306,1.023,,, , ,0,0
2,ウエスト電力,2017,1,2017/1/1,2420,2468,1.02,,, , ,0,0
2,ウエスト電力,2017,2,2017/2/1,2586,2630,1.017,,, , ,0,0
2,ウエスト電力,2017,3,2017/3/1,2752,2792,1.014,,, , ,0,0
2,ウエスト電力,2017,4,2017/4/1,2918,2954,1.012,,, , ,0,0
2,ウエスト電力,2017,5,2017/5/1,3084,3116,1.01,,, , ,0,0
2,ウエスト電力,2017,6,2017/6/1,3250,3278,1.009,,, , ,0,0
2,ウエスト電力,2017,7,2017/7/1,3416,3440,1.007,,, , ,0,0
2,ウエスト電力,2017,8,2017/8/1,3388,3576,1.056,,, , ,0,0
2,ウエスト電力,2017,9,2017/9/1,3720,3903,1.049,,, , ,0,0
2,ウエスト電力,2017,10,2017/10/1,4052,4230,1.044,,, , ,0,0
2,ウエスト電力,2017,11,2017/11/1,4384,4557,1.04,,, , ,0,0
2,ウエスト電力,2017,12,2017/12/1,4716,4884,1.036,,, , ,0,0
2,ウエスト電力,2018,1,2018/1/1,5048,5211,1.032,,, , ,0,0
2,ウエスト電力,2018,2,2018/2/1,5380,5538,1.029,,, , ,0,0
2,ウエスト電力,2018,3,2018/3/1,5712,5865,1.027,,, , ,0,0
2,ウエスト電力,2018,4,2018/4/1,6044,6192,1.024,,, , ,0,0
2,ウエスト電力,2018,5,2018/5/1,6376,6519,1.022,,, , ,0,0
2,ウエスト電力,2018,6,2018/6/1,6708,6846,1.02,,, , ,0,0
2,ウエスト電力,2018,7,2018/7/1,7040,7173,1.019,,, , ,0,0
2,ウエスト電力,2018,8,2018/8/1,8979,9578,1.178,,, , ,0,0
2,ウエスト電力,2018,9,2018/9/1,9126,9483,1.039,,, , ,0,0
2,ウエスト電力,2018,10,2018/10/1,9273,9388,1.012,,, , ,0,0
2,ウエスト電力,2018,11,2018/11/1,9420,9293,0.987,,, , ,0,0
2,ウエスト電力,2018,12,2018/12/1,9567,9198,0.962,,, , ,0,0
2,ウエスト電力,2019,1,2019/1/1,9714,9103,0.937,,, , ,0,0
2,ウエスト電力,2019,2,2019/2/1,9861,9008,0.914,,, , ,0,0
2,ウエスト電力,2019,3,2019/3/1,10008,8913,0.891,,, , ,0,0
2,ウエスト電力,2019,4,2019/4/1,10155,8818,0.868,,, , ,0,0
2,ウエスト電力,2019,5,2019/5/1,10302,8723,0.846,,, , ,0,0
2,ウエスト電力,2019,6,2019/6/1,10449,8628,0.825,,, , ,0,0
2,ウエスト電力,2019,7,2019/7/1,10596,8533,0.805,,, , ,0,0
2,ウエスト電力,2019,8,2019/8/1,9319,9332,1.001,,, , ,0,0
2,ウエスト電力,2019,9,2019/9/1,9253,9049,0.978,,, , ,0,0
2,ウエスト電力,2019,10,2019/10/1,9187,8766,0.954,,, , ,0,0
2,ウエスト電力,2019,11,2019/11/1,9121,8483,0.93,,, , ,0,0
2,ウエスト電力,2019,12,2019/12/1,9055,8200,0.906,,, , ,0,0
2,ウエスト電力,2020,1,2020/1/1,8989,7917,0.88,,, , ,0,0
2,ウエスト電力,2020,2,2020/2/1,8923,7634,0.856,,, , ,0,0
2,ウエスト電力,2020,3,2020/3/1,8857,7351,0.83,,, , ,0,0
2,ウエスト電力,2020,4,2020/4/1,8791,7068,0.804,,, , ,0,0
2,ウエスト電力,2020,5,2020/5/1,8725,6785,0.778,,, , ,0,0
2,ウエスト電力,2020,6,2020/6/1,8659,6502,0.751,,, , ,0,0
2,ウエスト電力,2020,7,2020/7/1,8593,6219,0.724,,, , ,0,0
2,ウエスト電力,2020,8,2020/8/1,8620,7930,0.92,,, , ,0,1
3,シナジアパワー,2018,3,2018/3/1,2146,1398,0.651,,,,,0,0
3,シナジアパワー,2018,4,2018/4/1,2320,1550,0.668,,,,,0,0
3,シナジアパワー,2018,5,2018/5/1,2494,1702,0.682,,,,,0,0
3,シナジアパワー,2018,6,2018/6/1,2668,1854,0.695,,,,,0,0
3,シナジアパワー,2018,7,2018/7/1,2842,2006,0.705,,,,,0,0
3,シナジアパワー,2018,8,2018/8/1,3016,2158,0.716,,,,,0,0
3,シナジアパワー,2018,9,2018/9/1,3190,2310,0.724,,,,,0,0
3,シナジアパワー,2018,10,2018/10/1,3364,2462,0.732,,,,,0,0
3,シナジアパワー,2018,11,2018/11/1,3538,2614,0.739,,,,,0,0
3,シナジアパワー,2018,12,2018/12/1,3712,2766,0.745,,,,,0,0
3,シナジアパワー,2019,1,2019/1/1,3886,2918,0.751,,,,,0,0
3,シナジアパワー,2019,2,2019/2/1,4060,3070,0.756,,,,,0,0
3,シナジアパワー,2019,3,2019/3/1,4042,2952,0.731,,,,,0,0
3,シナジアパワー,2019,4,2019/4/1,4130,3030,0.734,,,,,0,0
3,シナジアパワー,2019,5,2019/5/1,4218,3108,0.737,,,,,0,0
3,シナジアパワー,2019,6,2019/6/1,4306,3186,0.74,,,,,0,0
3,シナジアパワー,2019,7,2019/7/1,4394,3264,0.743,,,,,0,0
3,シナジアパワー,2019,8,2019/8/1,4482,3342,0.745,,,,,0,0
3,シナジアパワー,2019,9,2019/9/1,4570,3420,0.748,,,,,0,0
3,シナジアパワー,2019,10,2019/10/1,4658,3498,0.751,,,,,0,0
3,シナジアパワー,2019,11,2019/11/1,4746,3576,0.753,,,,,0,0
3,シナジアパワー,2019,12,2019/12/1,4834,3654,0.756,,,,,0,0
3,シナジアパワー,2020,1,2020/1/1,4922,3732,0.758,,,,,0,0
3,シナジアパワー,2020,2,2020/2/1,5010,3810,0.761,,,,,0,0
3,シナジアパワー,2020,3,2020/3/1,4255,3400,0.799,,,,,0,0
3,シナジアパワー,2020,4,2020/4/1,4769,3921,0.822,,,,,0,0
3,シナジアパワー,2020,5,2020/5/1,5283,4442,0.841,,,,,0,0
3,シナジアパワー,2020,6,2020/6/1,5797,4963,0.856,,,,,0,0
3,シナジアパワー,2020,7,2020/7/1,6311,5484,0.869,,,,,0,0
3,シナジアパワー,2020,8,2020/8/1,6825,6005,0.88,,,,,0,0
3,シナジアパワー,2020,9,2020/9/1,7339,6526,0.889,,,,,0,0
3,シナジアパワー,2020,10,2020/10/1,7853,7047,0.897,,,,,0,0
3,シナジアパワー,2020,11,2020/11/1,8367,7568,0.904,,,,,0,0
3,シナジアパワー,2020,12,2020/12/1,8881,8089,0.911,,,,,0,0
3,シナジアパワー,2021,1,2021/1/1,9395,8610,0.916,,,,,0,0
3,シナジアパワー,2021,2,2021/2/1,9909,9131,0.922,,,,,0,0
3,シナジアパワー,2021,3,2021/3/1,9939,12253,1.232,,,,,0,0
3,シナジアパワー,2021,4,2021/4/1,10476,12808,1.223,,,,,0,0
3,シナジアパワー,2021,5,2021/5/1,11013,13363,1.213,,,,,0,0
3,シナジアパワー,2021,6,2021/6/1,11550,13918,1.205,,,,,0,0
3,シナジアパワー,2021,7,2021/7/1,12087,14473,1.197,,,,,0,0
3,シナジアパワー,2021,8,2021/8/1,12624,15028,1.19,,,,,0,0
3,シナジアパワー,2021,9,2021/9/1,13161,15583,1.184,,,,,0,0
3,シナジアパワー,2021,10,2021/10/1,13698,16138,1.179,,,,,0,0
3,シナジアパワー,2021,11,2021/11/1,14235,16693,1.173,,,,,0,0
3,シナジアパワー,2021,12,2021/12/1,14772,17248,1.168,,,,,0,0
3,シナジアパワー,2022,1,2022/1/1,15309,17803,1.163,,,,,0,0
3,シナジアパワー,2022,2,2022/2/1,15846,18358,1.159,,,,,0,0
3,シナジアパワー,2022,3,2022/3/1,13117,18281,1.395,,,,,0,1
4,エフエネ,2021,3,2021/3/1,16833,18385,1.092,,,,,2,0
4,エフエネ,2021,4,2021/4/1,16575,18442,1.112,,,,,2,0
4,エフエネ,2021,5,2021/5/1,16317,18499,1.134,,,,,2,0
4,エフエネ,2021,6,2021/6/1,16059,18556,1.156,,,,,2,0
4,エフエネ,2021,7,2021/7/1,15801,18613,1.178,,,,,2,0
4,エフエネ,2021,8,2021/8/1,15543,18670,1.201,,,,,2,0
4,エフエネ,2021,9,2021/9/1,15285,18727,1.225,,,,,2,0
4,エフエネ,2021,10,2021/10/1,15027,18784,1.249,,,,,2,0
4,エフエネ,2021,11,2021/11/1,14769,18841,1.275,,,,,2,0
4,エフエネ,2021,12,2021/12/1,14511,18898,1.302,,,,,2,0
4,エフエネ,2022,1,2022/1/1,14253,18955,1.33,,,,,2,0
4,エフエネ,2022,2,2022/2/1,13995,19012,1.359,,,,,2,0
4,エフエネ,2022,3,2022/3/1,15674,19209,1.225,,,,,2,0
4,エフエネ,2022,4,2022/4/1,15075,18725,1.243,,,,,2,0
4,エフエネ,2022,5,2022/5/1,14476,18241,1.26,,,,,2,0
4,エフエネ,2022,6,2022/6/1,13877,17757,1.28,,,,,2,0
4,エフエネ,2022,7,2022/7/1,13278,17273,1.301,,,,,2,0
4,エフエネ,2022,8,2022/8/1,12679,16789,1.325,,,,,2,0
4,エフエネ,2022,9,2022/9/1,12080,16305,1.35,,,,,2,0
4,エフエネ,2022,10,2022/10/1,11481,15821,1.379,,,,,2,0
4,エフエネ,2022,11,2022/11/1,10882,15337,1.409,,,,,2,0
4,エフエネ,2022,12,2022/12/1,10283,14853,1.445,,,,,2,0
4,エフエネ,2023,1,2023/1/1,9684,14369,1.484,,,,,2,0
4,エフエネ,2023,2,2023/2/1,9085,13885,1.529,,,,,2,0
4,エフエネ,2023,3,2023/3/1,10579,10869,1.028,,,,,2,0
4,エフエネ,2023,4,2023/4/1,10134,10606,1.047,,,,,2,0
4,エフエネ,2023,5,2023/5/1,9689,10343,1.067,,,,,2,0
4,エフエネ,2023,6,2023/6/1,9244,10080,1.091,,,,,2,0
4,エフエネ,2023,7,2023/7/1,8799,9817,1.116,,,,,2,0
4,エフエネ,2023,8,2023/8/1,8354,9554,1.144,,,,,2,0
4,エフエネ,2023,9,2023/9/1,7909,9291,1.176,,,,,2,0
4,エフエネ,2023,10,2023/10/1,7464,9028,1.21,,,,,2,0
4,エフエネ,2023,11,2023/11/1,7019,8765,1.249,,,,,2,0
4,エフエネ,2023,12,2023/12/1,6574,8502,1.293,,,,,2,0
4,エフエネ,2024,1,2024/1/1,6129,8239,1.344,,,,,2,0
4,エフエネ,2024,2,2024/2/1,5684,7976,1.403,,,,,2,0
4,エフエネ,2024,3,2024/3/1,8399,7816,0.931,,,,,2,0
4,エフエネ,2024,4,2024/4/1,8306,7341,0.884,,,,,2,0
4,エフエネ,2024,5,2024/5/1,8213,6866,0.836,,,,,2,0
4,エフエネ,2024,6,2024/6/1,8120,6391,0.787,,,,,2,0
4,エフエネ,2024,7,2024/7/1,8027,5916,0.737,,,,,2,0
4,エフエネ,2024,8,2024/8/1,7934,5441,0.686,,,,,2,0
4,エフエネ,2024,9,2024/9/1,7841,4966,0.633,,,,,2,0
4,エフエネ,2024,10,2024/10/1,7748,4491,0.58,,,,,2,0
4,エフエネ,2024,11,2024/11/1,7655,4016,0.525,,,,,2,0
4,エフエネ,2024,12,2024/12/1,7562,3541,0.468,,,,,2,0
4,エフエネ,2025,1,2025/1/1,7469,3066,0.41,,,,,2,0
4,エフエネ,2025,2,2025/2/1,7376,2591,0.351,,,,,2,0
4,エフエネ,2025,3,2025/3/1,8333,5170,0.62,,,,,2,0
5,洸陽電機,2013,11,2013/11/1,5518,4694,0.851,,,,,1,0
5,洸陽電機,2013,12,2013/12/1,5909,5034,0.852,,,,,1,0
5,洸陽電機,2014,1,2014/1/1,6300,5374,0.853,,,,,1,0
5,洸陽電機,2014,2,2014/2/1,6691,5714,0.854,,,,,1,0
5,洸陽電機,2014,3,2014/3/1,7082,6054,0.855,,,,,1,0
5,洸陽電機,2014,4,2014/4/1,7473,6394,0.856,,,,,1,0
5,洸陽電機,2014,5,2014/5/1,7864,6734,0.856,,,,,1,0
5,洸陽電機,2014,6,2014/6/1,8255,7074,0.857,,,,,1,0
5,洸陽電機,2014,7,2014/7/1,8646,7414,0.857,,,,,1,0
5,洸陽電機,2014,8,2014/8/1,9037,7754,0.858,,,,,1,0
5,洸陽電機,2014,9,2014/9/1,9428,8094,0.859,,,,,1,0
5,洸陽電機,2014,10,2014/10/1,9819,8434,0.859,,,,,1,0
5,洸陽電機,2014,11,2014/11/1,9380,7681,0.818,,,,,1,0
5,洸陽電機,2014,12,2014/12/1,9694,7984,0.824,,,,,1,0
5,洸陽電機,2015,1,2015/1/1,10008,8287,0.828,,,,,1,0
5,洸陽電機,2015,2,2015/2/1,10322,8590,0.832,,,,,1,0
5,洸陽電機,2015,3,2015/3/1,10636,8893,0.836,,,,,1,0
5,洸陽電機,2015,4,2015/4/1,10950,9196,0.84,,,,,1,0
5,洸陽電機,2015,5,2015/5/1,11264,9499,0.843,,,,,1,0
5,洸陽電機,2015,6,2015/6/1,11578,9802,0.847,,,,,1,0
5,洸陽電機,2015,7,2015/7/1,11892,10105,0.85,,,,,1,0
5,洸陽電機,2015,8,2015/8/1,12206,10408,0.853,,,,,1,0
5,洸陽電機,2015,9,2015/9/1,12520,10711,0.856,,,,,1,0
5,洸陽電機,2015,10,2015/10/1,12834,11014,0.858,,,,,1,0
5,洸陽電機,2015,11,2015/11/1,11152,8892,0.797,,,,,1,0
5,洸陽電機,2015,12,2015/12/1,11615,9341,0.804,,,,,1,0
5,洸陽電機,2016,1,2016/1/1,12078,9790,0.81,,,,,1,0
5,洸陽電機,2016,2,2016/2/1,12541,10239,0.816,,,,,1,0
5,洸陽電機,2016,3,2016/3/1,13004,10688,0.822,,,,,1,0
5,洸陽電機,2016,4,2016/4/1,13467,11137,0.827,,,,,1,0
5,洸陽電機,2016,5,2016/5/1,13930,11586,0.832,,,,,1,0
5,洸陽電機,2016,6,2016/6/1,14393,12035,0.836,,,,,1,0
5,洸陽電機,2016,7,2016/7/1,14856,12484,0.841,,,,,1,0
5,洸陽電機,2016,8,2016/8/1,15319,12933,0.844,,,,,1,0
5,洸陽電機,2016,9,2016/9/1,15782,13382,0.848,,,,,1,0
5,洸陽電機,2016,10,2016/10/1,16245,13831,0.851,,,,,1,0
5,洸陽電機,2016,11,2016/11/1,17131,14658,0.856,,,,,1,0
5,洸陽電機,2016,12,2016/12/1,17502,14996,0.857,,,,,1,0
5,洸陽電機,2017,1,2017/1/1,17873,15334,0.858,,,,,1,0
5,洸陽電機,2017,2,2017/2/1,18244,15672,0.859,,,,,1,0
5,洸陽電機,2017,3,2017/3/1,18615,16010,0.86,,,,,1,0
5,洸陽電機,2017,4,2017/4/1,18986,16348,0.861,,,,,1,0
5,洸陽電機,2017,5,2017/5/1,19357,16686,0.862,,,,,1,0
5,洸陽電機,2017,6,2017/6/1,19728,17024,0.863,,,,,1,0
5,洸陽電機,2017,7,2017/7/1,20099,17362,0.864,,,,,1,0
5,洸陽電機,2017,8,2017/8/1,20470,17700,0.865,,,,,1,0
5,洸陽電機,2017,9,2017/9/1,20841,18038,0.865,,,,,1,0
5,洸陽電機,2017,10,2017/10/1,21212,18376,0.866,,,,,1,0
5,洸陽電機,2017,11,2017/11/1,20145,15809,0.785,,,,,1,0
